{
  "version": 1,
  "author": "Anonymous maker",
  "editor": "wokwi",
  "parts": [
    { "type": "wokwi-arduino-uno", "id": "uno", "top": 125.4, "left": -0.6, "attrs": {} },
    {
      "type": "wokwi-pushbutton",
      "id": "btn1",
      "top": -57.7,
      "left": 118.7,
      "rotate": 90,
      "attrs": { "color": "green", "bounce": "1", "key": "1" }
    },
    {
      "type": "wokwi-7segment",
      "id": "sevseg1",
      "top": 4.98,
      "left": 206.68,
      "attrs": { "common": "cathode" }
    }
  ],
  "connections": [
    [ "btn1:1.r", "uno:8", "green", [ "v144", "h57.8" ] ],
    [ "btn1:2.r", "uno:GND.1", "green", [ "h0" ] ],
    [ "sevseg1:G", "uno:1", "green", [ "v0" ] ],
    [ "sevseg1:F", "uno:2", "green", [ "v0" ] ],
    [ "sevseg1:A", "uno:3", "green", [ "v0" ] ],
    [ "sevseg1:B", "uno:4", "green", [ "v0" ] ],
    [ "sevseg1:C", "uno:5", "green", [ "v0" ] ],
    [ "sevseg1:D", "uno:6", "green", [ "v0" ] ],
    [ "sevseg1:E", "uno:7", "green", [ "v0" ] ],
    [ "sevseg1:COM.1", "uno:GND.1", "green", [ "h-115.2", "v0", "h-38.4" ] ],
    [ "sevseg1:COM.2", "uno:GND.1", "green", [ "h-115.2", "v116.04" ] ]
  ],
  "dependencies": {}
}